{
    "roc_auc": 0.7865557559107184,
    "pr_auc": 0.4988369174068161
}